customer_id,first_name,last_name,state,address
1,Laura,Williams,NC,"311 Main St, NC"
2,Laura,Jones,CA,"721 Main St, CA"
3,Peter,Doe,NY,"109 Main St, NY"
4,Mike,Moore,FL,"979 Main St, FL"
5,Susan,Brown,PA,"233 Main St, PA"
6,Chris,Williams,NY,"675 Main St, NY"
7,Emily,Jones,PA,"162 Main St, PA"
8,Emily,Davis,CA,"487 Main St, CA"
9,Mike,Smith,NY,"756 Main St, NY"
10,Peter,Doe,OH,"252 Main St, OH"
11,Mike,Williams,OH,"426 Main St, OH"
12,David,Taylor,FL,"502 Main St, FL"
13,Emily,Brown,OH,"476 Main St, OH"
14,Anna,Wilson,PA,"944 Main St, PA"
15,Emily,Jones,IL,"114 Main St, IL"
16,Anna,Davis,PA,"873 Main St, PA"
17,Jane,Williams,IL,"192 Main St, IL"
18,Laura,Jones,FL,"906 Main St, FL"
19,Anna,Williams,CA,"332 Main St, CA"
20,Peter,Smith,FL,"964 Main St, FL"
21,John,Moore,OH,"623 Main St, OH"
22,Mike,Jones,MI,"671 Main St, MI"
23,Chris,Davis,OH,"607 Main St, OH"
24,Laura,Wilson,NY,"705 Main St, NY"
25,Laura,Taylor,FL,"410 Main St, FL"
26,David,Smith,MI,"239 Main St, MI"
27,Susan,Doe,GA,"446 Main St, GA"
28,Jane,Jones,GA,"308 Main St, GA"
29,Peter,Jones,TX,"320 Main St, TX"
30,Anna,Brown,CA,"196 Main St, CA"
31,Emily,Miller,NC,"614 Main St, NC"
32,David,Jones,IL,"600 Main St, IL"
33,Chris,Smith,OH,"461 Main St, OH"
34,Anna,Williams,GA,"662 Main St, GA"
35,John,Doe,CA,"480 Main St, CA"
36,Susan,Moore,CA,"952 Main St, CA"
37,David,Davis,OH,"116 Main St, OH"
38,Peter,Smith,OH,"438 Main St, OH"
39,Laura,Wilson,GA,"762 Main St, GA"
40,Mike,Jones,FL,"903 Main St, FL"
41,Anna,Wilson,CA,"758 Main St, CA"
42,Jane,Taylor,GA,"677 Main St, GA"
43,Emily,Brown,CA,"462 Main St, CA"
44,Laura,Taylor,FL,"592 Main St, FL"
45,Laura,Davis,FL,"564 Main St, FL"
46,Peter,Smith,TX,"783 Main St, TX"
47,Chris,Brown,IL,"859 Main St, IL"
48,Emily,Williams,GA,"338 Main St, GA"
49,David,Smith,TX,"716 Main St, TX"
50,Jane,Williams,IL,"680 Main St, IL"
51,Emily,Davis,OH,"805 Main St, OH"
52,John,Doe,PA,"489 Main St, PA"
53,Mike,Davis,MI,"964 Main St, MI"
54,Susan,Wilson,FL,"717 Main St, FL"
55,Jane,Williams,TX,"165 Main St, TX"
56,Anna,Jones,GA,"926 Main St, GA"
57,Peter,Taylor,GA,"622 Main St, GA"
58,Chris,Smith,FL,"961 Main St, FL"
59,Susan,Taylor,MI,"289 Main St, MI"
60,Anna,Doe,NY,"310 Main St, NY"
61,Laura,Williams,NC,"923 Main St, NC"
62,Jane,Moore,OH,"375 Main St, OH"
63,Peter,Davis,OH,"247 Main St, OH"
64,Chris,Wilson,FL,"636 Main St, FL"
65,Chris,Williams,FL,"787 Main St, FL"
66,Mike,Williams,FL,"626 Main St, FL"
67,Mike,Taylor,OH,"602 Main St, OH"
68,Susan,Smith,FL,"757 Main St, FL"
69,Mike,Miller,FL,"709 Main St, FL"
70,Anna,Moore,MI,"531 Main St, MI"
71,Chris,Brown,FL,"220 Main St, FL"
72,Susan,Williams,MI,"364 Main St, MI"
73,Chris,Brown,GA,"905 Main St, GA"
74,Emily,Taylor,NC,"666 Main St, NC"
75,David,Doe,NC,"219 Main St, NC"
76,David,Davis,TX,"478 Main St, TX"
77,Anna,Williams,OH,"731 Main St, OH"
78,Anna,Williams,TX,"646 Main St, TX"
79,Susan,Taylor,FL,"211 Main St, FL"
80,John,Moore,NY,"270 Main St, NY"
81,Chris,Smith,TX,"382 Main St, TX"
82,Jane,Jones,PA,"495 Main St, PA"
83,John,Smith,TX,"835 Main St, TX"
84,Peter,Smith,FL,"266 Main St, FL"
85,Laura,Jones,MI,"740 Main St, MI"
86,Susan,Brown,GA,"396 Main St, GA"
87,Susan,Wilson,GA,"334 Main St, GA"
88,Chris,Doe,GA,"174 Main St, GA"
89,Mike,Jones,CA,"143 Main St, CA"
90,Peter,Wilson,MI,"755 Main St, MI"
91,Susan,Taylor,NC,"813 Main St, NC"
92,Anna,Miller,FL,"610 Main St, FL"
93,Peter,Taylor,MI,"247 Main St, MI"
94,Jane,Smith,NC,"241 Main St, NC"
95,Susan,Moore,GA,"208 Main St, GA"
96,Susan,Miller,GA,"683 Main St, GA"
97,Mike,Wilson,NC,"976 Main St, NC"
98,Chris,Smith,PA,"584 Main St, PA"
99,Emily,Miller,OH,"549 Main St, OH"
100,Emily,Doe,OH,"388 Main St, OH"
101,Chris,Doe,IL,"851 Main St, IL"
102,Peter,Smith,PA,"497 Main St, PA"
103,Mike,Williams,PA,"231 Main St, PA"
104,David,Wilson,IL,"609 Main St, IL"
105,Susan,Taylor,TX,"204 Main St, TX"
106,John,Brown,OH,"656 Main St, OH"
107,Peter,Taylor,IL,"297 Main St, IL"
108,Mike,Williams,OH,"746 Main St, OH"
109,Emily,Davis,IL,"999 Main St, IL"
110,Peter,Davis,GA,"163 Main St, GA"
111,Laura,Williams,GA,"796 Main St, GA"
112,Mike,Williams,NY,"617 Main St, NY"
113,David,Williams,PA,"105 Main St, PA"
114,Anna,Davis,FL,"969 Main St, FL"
115,Anna,Williams,NC,"298 Main St, NC"
116,Emily,Williams,GA,"140 Main St, GA"
117,Jane,Miller,FL,"997 Main St, FL"
118,Peter,Brown,IL,"426 Main St, IL"
119,Peter,Brown,MI,"185 Main St, MI"
120,Jane,Doe,FL,"815 Main St, FL"
121,Anna,Miller,NC,"300 Main St, NC"
122,Mike,Miller,GA,"275 Main St, GA"
123,David,Jones,GA,"322 Main St, GA"
124,Mike,Smith,FL,"787 Main St, FL"
125,John,Doe,PA,"932 Main St, PA"
126,John,Wilson,PA,"782 Main St, PA"
127,Chris,Jones,PA,"810 Main St, PA"
128,David,Smith,MI,"291 Main St, MI"
129,Anna,Brown,TX,"408 Main St, TX"
130,John,Doe,PA,"721 Main St, PA"
131,Mike,Wilson,GA,"493 Main St, GA"
132,John,Moore,OH,"566 Main St, OH"
133,Susan,Smith,NC,"222 Main St, NC"
134,David,Taylor,FL,"160 Main St, FL"
135,John,Williams,NC,"382 Main St, NC"
136,Mike,Brown,CA,"466 Main St, CA"
137,John,Brown,FL,"399 Main St, FL"
138,Chris,Smith,PA,"685 Main St, PA"
139,Chris,Doe,IL,"358 Main St, IL"
140,Anna,Moore,MI,"887 Main St, MI"
141,Jane,Miller,IL,"534 Main St, IL"
142,John,Miller,NY,"884 Main St, NY"
143,Jane,Miller,NY,"255 Main St, NY"
144,John,Smith,IL,"689 Main St, IL"
145,Peter,Brown,MI,"676 Main St, MI"
146,Jane,Davis,FL,"860 Main St, FL"
147,John,Jones,CA,"188 Main St, CA"
148,Emily,Taylor,FL,"181 Main St, FL"
149,Susan,Doe,NC,"597 Main St, NC"
150,Chris,Jones,MI,"614 Main St, MI"
151,Chris,Wilson,TX,"824 Main St, TX"
152,John,Jones,MI,"814 Main St, MI"
153,Mike,Doe,IL,"688 Main St, IL"
154,Emily,Smith,GA,"257 Main St, GA"
155,Susan,Jones,FL,"157 Main St, FL"
156,Emily,Miller,PA,"677 Main St, PA"
157,Peter,Doe,OH,"654 Main St, OH"
158,Peter,Miller,NY,"662 Main St, NY"
159,Jane,Moore,IL,"258 Main St, IL"
160,Susan,Doe,GA,"854 Main St, GA"
161,Jane,Wilson,MI,"668 Main St, MI"
162,Chris,Jones,PA,"436 Main St, PA"
163,John,Williams,FL,"699 Main St, FL"
164,John,Davis,MI,"788 Main St, MI"
165,Laura,Williams,NY,"962 Main St, NY"
166,Jane,Davis,NY,"342 Main St, NY"
167,Mike,Brown,FL,"216 Main St, FL"
168,David,Taylor,IL,"351 Main St, IL"
169,Laura,Taylor,MI,"436 Main St, MI"
170,Laura,Williams,MI,"992 Main St, MI"
171,Peter,Davis,MI,"873 Main St, MI"
172,Emily,Davis,OH,"699 Main St, OH"
173,Susan,Wilson,NY,"961 Main St, NY"
174,Jane,Moore,NC,"340 Main St, NC"
175,John,Davis,CA,"249 Main St, CA"
176,Susan,Miller,NC,"907 Main St, NC"
177,Chris,Jones,TX,"634 Main St, TX"
178,Mike,Wilson,GA,"504 Main St, GA"
179,Chris,Smith,TX,"280 Main St, TX"
180,Jane,Doe,NC,"432 Main St, NC"
181,Anna,Brown,CA,"882 Main St, CA"
182,Laura,Smith,CA,"368 Main St, CA"
183,David,Smith,FL,"838 Main St, FL"
184,Chris,Doe,NC,"138 Main St, NC"
185,Laura,Brown,NC,"334 Main St, NC"
186,Susan,Williams,PA,"465 Main St, PA"
187,Mike,Miller,TX,"638 Main St, TX"
188,Chris,Brown,NC,"210 Main St, NC"
189,Laura,Miller,FL,"841 Main St, FL"
190,Emily,Brown,MI,"691 Main St, MI"
191,John,Davis,NC,"319 Main St, NC"
192,Susan,Wilson,CA,"979 Main St, CA"
193,Chris,Moore,OH,"428 Main St, OH"
194,Mike,Miller,OH,"177 Main St, OH"
195,John,Brown,PA,"987 Main St, PA"
196,Mike,Moore,FL,"540 Main St, FL"
197,Anna,Moore,GA,"566 Main St, GA"
198,Peter,Miller,IL,"802 Main St, IL"
199,Anna,Miller,PA,"932 Main St, PA"
200,David,Taylor,PA,"510 Main St, PA"
201,Jane,Miller,IL,"719 Main St, IL"
202,Emily,Smith,NC,"627 Main St, NC"
203,Peter,Doe,TX,"269 Main St, TX"
204,David,Jones,IL,"206 Main St, IL"
205,David,Williams,MI,"394 Main St, MI"
206,Chris,Davis,GA,"163 Main St, GA"
207,Jane,Taylor,GA,"860 Main St, GA"
208,John,Jones,IL,"280 Main St, IL"
209,Susan,Wilson,FL,"441 Main St, FL"
210,Anna,Miller,CA,"335 Main St, CA"
211,Laura,Wilson,OH,"177 Main St, OH"
212,David,Miller,IL,"784 Main St, IL"
213,Emily,Moore,CA,"657 Main St, CA"
214,Susan,Wilson,IL,"101 Main St, IL"
215,Anna,Davis,TX,"272 Main St, TX"
216,Emily,Williams,FL,"438 Main St, FL"
217,David,Davis,FL,"290 Main St, FL"
218,Anna,Moore,MI,"331 Main St, MI"
219,Laura,Smith,OH,"839 Main St, OH"
220,Susan,Taylor,PA,"911 Main St, PA"
221,Susan,Taylor,NY,"858 Main St, NY"
222,Jane,Taylor,CA,"930 Main St, CA"
223,Peter,Doe,NY,"194 Main St, NY"
224,Chris,Williams,NY,"857 Main St, NY"
225,Chris,Jones,CA,"204 Main St, CA"
226,Laura,Taylor,NY,"403 Main St, NY"
227,John,Wilson,CA,"218 Main St, CA"
228,Anna,Doe,OH,"652 Main St, OH"
229,Laura,Smith,NY,"376 Main St, NY"
230,Susan,Brown,MI,"505 Main St, MI"
231,Laura,Wilson,FL,"389 Main St, FL"
232,Susan,Miller,NY,"168 Main St, NY"
233,David,Taylor,NC,"766 Main St, NC"
234,Peter,Brown,NC,"655 Main St, NC"
235,David,Davis,CA,"747 Main St, CA"
236,Susan,Davis,OH,"854 Main St, OH"
237,Chris,Williams,OH,"426 Main St, OH"
238,Peter,Davis,NC,"640 Main St, NC"
239,Mike,Doe,MI,"285 Main St, MI"
240,Jane,Moore,NC,"171 Main St, NC"
241,Laura,Taylor,NY,"174 Main St, NY"
242,Anna,Brown,IL,"975 Main St, IL"
243,Emily,Davis,OH,"802 Main St, OH"
244,Peter,Miller,TX,"150 Main St, TX"
245,Chris,Wilson,MI,"684 Main St, MI"
246,Peter,Moore,GA,"111 Main St, GA"
247,Peter,Jones,OH,"740 Main St, OH"
248,David,Taylor,OH,"168 Main St, OH"
249,Chris,Davis,CA,"347 Main St, CA"
250,Susan,Smith,GA,"449 Main St, GA"
251,David,Taylor,CA,"629 Main St, CA"
252,Susan,Williams,PA,"591 Main St, PA"
253,Mike,Smith,NY,"432 Main St, NY"
254,Emily,Doe,CA,"829 Main St, CA"
255,Mike,Williams,FL,"165 Main St, FL"
256,Mike,Taylor,FL,"519 Main St, FL"
257,Laura,Smith,FL,"361 Main St, FL"
258,Susan,Doe,OH,"715 Main St, OH"
259,Chris,Brown,IL,"847 Main St, IL"
260,Chris,Jones,PA,"940 Main St, PA"
261,Chris,Davis,NY,"399 Main St, NY"
262,Anna,Miller,PA,"190 Main St, PA"
263,Laura,Wilson,NY,"835 Main St, NY"
264,Chris,Brown,CA,"839 Main St, CA"
265,John,Moore,NY,"795 Main St, NY"
266,Chris,Smith,PA,"274 Main St, PA"
267,Anna,Taylor,NC,"447 Main St, NC"
268,Chris,Taylor,FL,"345 Main St, FL"
269,Emily,Jones,NC,"151 Main St, NC"
270,Jane,Brown,CA,"266 Main St, CA"
271,Chris,Taylor,CA,"622 Main St, CA"
272,Laura,Wilson,IL,"417 Main St, IL"
273,Anna,Taylor,NY,"383 Main St, NY"
274,John,Doe,NC,"825 Main St, NC"
275,Emily,Smith,MI,"809 Main St, MI"
276,John,Brown,TX,"376 Main St, TX"
277,Mike,Williams,NY,"631 Main St, NY"
278,Peter,Wilson,NY,"173 Main St, NY"
279,Jane,Moore,IL,"799 Main St, IL"
280,Peter,Moore,PA,"397 Main St, PA"
281,Emily,Williams,GA,"897 Main St, GA"
282,Susan,Moore,NC,"975 Main St, NC"
283,Anna,Davis,TX,"241 Main St, TX"
284,Emily,Williams,NY,"492 Main St, NY"
285,John,Doe,MI,"547 Main St, MI"
286,Jane,Doe,NY,"791 Main St, NY"
287,Laura,Miller,CA,"590 Main St, CA"
288,Peter,Miller,NC,"967 Main St, NC"
289,Jane,Brown,IL,"644 Main St, IL"
290,Laura,Wilson,GA,"442 Main St, GA"
291,David,Davis,PA,"267 Main St, PA"
292,Susan,Davis,PA,"172 Main St, PA"
293,Peter,Doe,PA,"329 Main St, PA"
294,Jane,Williams,GA,"292 Main St, GA"
295,Laura,Smith,PA,"754 Main St, PA"
296,Jane,Jones,TX,"957 Main St, TX"
297,Laura,Smith,TX,"758 Main St, TX"
298,Mike,Jones,NC,"344 Main St, NC"
299,Peter,Moore,OH,"548 Main St, OH"
300,Peter,Jones,NC,"745 Main St, NC"
301,Jane,Doe,GA,"218 Main St, GA"
302,John,Jones,GA,"714 Main St, GA"
303,Mike,Miller,OH,"182 Main St, OH"
304,Emily,Davis,TX,"516 Main St, TX"
305,Mike,Davis,TX,"475 Main St, TX"
306,Susan,Miller,PA,"208 Main St, PA"
307,Emily,Taylor,NC,"477 Main St, NC"
308,Laura,Jones,CA,"434 Main St, CA"
309,Laura,Smith,NC,"700 Main St, NC"
310,Anna,Jones,NC,"427 Main St, NC"
311,Susan,Davis,GA,"130 Main St, GA"
312,Susan,Jones,NY,"400 Main St, NY"
313,Chris,Moore,CA,"597 Main St, CA"
314,Chris,Miller,CA,"691 Main St, CA"
315,Jane,Taylor,NC,"281 Main St, NC"
316,Peter,Davis,FL,"981 Main St, FL"
317,Jane,Moore,NY,"200 Main St, NY"
318,Anna,Moore,PA,"548 Main St, PA"
319,Laura,Brown,CA,"934 Main St, CA"
320,Jane,Jones,PA,"801 Main St, PA"
321,Emily,Miller,IL,"450 Main St, IL"
322,Anna,Jones,NC,"329 Main St, NC"
323,Mike,Brown,GA,"939 Main St, GA"
324,David,Moore,NY,"701 Main St, NY"
325,David,Davis,FL,"850 Main St, FL"
326,Laura,Davis,NC,"505 Main St, NC"
327,Mike,Jones,TX,"511 Main St, TX"
328,Emily,Miller,CA,"542 Main St, CA"
329,Susan,Smith,PA,"914 Main St, PA"
330,Susan,Doe,CA,"359 Main St, CA"
331,Mike,Davis,GA,"838 Main St, GA"
332,Chris,Wilson,CA,"157 Main St, CA"
333,Laura,Jones,IL,"282 Main St, IL"
334,Peter,Smith,NC,"549 Main St, NC"
335,Susan,Doe,NC,"537 Main St, NC"
336,Chris,Davis,MI,"142 Main St, MI"
337,David,Doe,CA,"967 Main St, CA"
338,Peter,Wilson,NY,"597 Main St, NY"
339,Laura,Brown,NY,"260 Main St, NY"
340,Laura,Jones,OH,"764 Main St, OH"
341,Susan,Miller,IL,"889 Main St, IL"
342,David,Moore,TX,"430 Main St, TX"
343,Susan,Davis,FL,"810 Main St, FL"
344,Chris,Wilson,FL,"150 Main St, FL"
345,Chris,Davis,FL,"241 Main St, FL"
346,John,Moore,TX,"363 Main St, TX"
347,Peter,Davis,FL,"816 Main St, FL"
348,Peter,Taylor,FL,"846 Main St, FL"
349,Susan,Taylor,NC,"319 Main St, NC"
350,Jane,Smith,IL,"677 Main St, IL"
351,Anna,Smith,NC,"636 Main St, NC"
352,Mike,Miller,IL,"830 Main St, IL"
353,Laura,Wilson,PA,"915 Main St, PA"
354,Anna,Moore,TX,"997 Main St, TX"
355,Susan,Smith,MI,"166 Main St, MI"
356,David,Jones,FL,"492 Main St, FL"
357,Laura,Davis,NY,"311 Main St, NY"
358,John,Smith,IL,"415 Main St, IL"
359,Mike,Miller,MI,"861 Main St, MI"
360,David,Doe,PA,"963 Main St, PA"
361,David,Moore,IL,"640 Main St, IL"
362,Peter,Williams,OH,"530 Main St, OH"
363,David,Miller,PA,"436 Main St, PA"
364,Jane,Taylor,NC,"184 Main St, NC"
365,Anna,Jones,GA,"480 Main St, GA"
366,Chris,Brown,FL,"334 Main St, FL"
367,John,Brown,FL,"948 Main St, FL"
368,Laura,Doe,FL,"603 Main St, FL"
369,Laura,Moore,NY,"393 Main St, NY"
370,John,Taylor,FL,"478 Main St, FL"
371,Anna,Wilson,OH,"483 Main St, OH"
372,Jane,Wilson,NY,"646 Main St, NY"
373,Chris,Taylor,PA,"749 Main St, PA"
374,David,Brown,FL,"634 Main St, FL"
375,Peter,Davis,CA,"567 Main St, CA"
376,Emily,Brown,TX,"891 Main St, TX"
377,Laura,Taylor,FL,"466 Main St, FL"
378,Mike,Miller,PA,"320 Main St, PA"
379,John,Moore,NC,"231 Main St, NC"
380,Peter,Jones,CA,"936 Main St, CA"
381,Jane,Miller,PA,"885 Main St, PA"
382,Laura,Williams,IL,"180 Main St, IL"
383,Jane,Davis,IL,"143 Main St, IL"
384,Jane,Smith,PA,"338 Main St, PA"
385,Chris,Davis,OH,"540 Main St, OH"
386,Emily,Brown,NY,"592 Main St, NY"
387,Emily,Wilson,CA,"323 Main St, CA"
388,Mike,Smith,NC,"638 Main St, NC"
389,Emily,Moore,NC,"205 Main St, NC"
390,Laura,Smith,CA,"251 Main St, CA"
391,David,Brown,NC,"179 Main St, NC"
392,Mike,Smith,NC,"814 Main St, NC"
393,David,Wilson,TX,"925 Main St, TX"
394,Mike,Moore,CA,"258 Main St, CA"
395,Anna,Taylor,GA,"619 Main St, GA"
396,Mike,Smith,PA,"739 Main St, PA"
397,Emily,Miller,NY,"330 Main St, NY"
398,Peter,Williams,PA,"829 Main St, PA"
399,David,Jones,FL,"522 Main St, FL"
400,Jane,Wilson,OH,"909 Main St, OH"
401,Mike,Williams,OH,"318 Main St, OH"
402,Susan,Davis,NC,"177 Main St, NC"
403,Jane,Brown,PA,"873 Main St, PA"
404,Anna,Brown,MI,"627 Main St, MI"
405,Emily,Miller,MI,"254 Main St, MI"
406,Jane,Moore,PA,"342 Main St, PA"
407,Mike,Jones,FL,"250 Main St, FL"
408,Laura,Jones,MI,"128 Main St, MI"
409,Anna,Moore,CA,"745 Main St, CA"
410,Chris,Doe,PA,"715 Main St, PA"
411,Chris,Davis,FL,"660 Main St, FL"
412,Anna,Doe,TX,"767 Main St, TX"
413,Peter,Williams,GA,"381 Main St, GA"
414,Susan,Smith,GA,"323 Main St, GA"
415,Laura,Davis,MI,"818 Main St, MI"
416,Jane,Smith,IL,"513 Main St, IL"
417,David,Jones,OH,"286 Main St, OH"
418,Peter,Davis,MI,"368 Main St, MI"
419,Laura,Davis,NY,"647 Main St, NY"
420,Jane,Brown,CA,"517 Main St, CA"
421,Mike,Brown,NC,"909 Main St, NC"
422,Jane,Doe,PA,"228 Main St, PA"
423,John,Jones,FL,"204 Main St, FL"
424,John,Taylor,MI,"123 Main St, MI"
425,John,Doe,CA,"984 Main St, CA"
426,Chris,Taylor,NC,"926 Main St, NC"
427,Mike,Brown,NY,"954 Main St, NY"
428,Laura,Miller,MI,"800 Main St, MI"
429,Laura,Miller,FL,"543 Main St, FL"
430,Emily,Doe,FL,"256 Main St, FL"
431,Laura,Davis,MI,"384 Main St, MI"
432,Jane,Williams,CA,"657 Main St, CA"
433,Jane,Taylor,MI,"649 Main St, MI"
434,Emily,Doe,FL,"820 Main St, FL"
435,John,Williams,OH,"264 Main St, OH"
436,Jane,Miller,GA,"384 Main St, GA"
437,Chris,Wilson,NY,"877 Main St, NY"
438,Mike,Moore,NC,"448 Main St, NC"
439,John,Jones,CA,"747 Main St, CA"
440,David,Miller,OH,"299 Main St, OH"
441,David,Williams,CA,"381 Main St, CA"
442,Susan,Jones,IL,"297 Main St, IL"
443,Anna,Moore,NY,"291 Main St, NY"
444,John,Brown,GA,"599 Main St, GA"
445,Susan,Williams,IL,"314 Main St, IL"
446,Jane,Jones,PA,"821 Main St, PA"
447,Laura,Taylor,GA,"533 Main St, GA"
448,Jane,Jones,IL,"262 Main St, IL"
449,Emily,Miller,IL,"479 Main St, IL"
450,Laura,Doe,MI,"705 Main St, MI"
451,Anna,Miller,FL,"954 Main St, FL"
452,Chris,Williams,TX,"748 Main St, TX"
453,Laura,Smith,MI,"463 Main St, MI"
454,Jane,Williams,TX,"500 Main St, TX"
455,Laura,Wilson,PA,"622 Main St, PA"
456,Jane,Doe,TX,"928 Main St, TX"
457,Emily,Wilson,OH,"805 Main St, OH"
458,John,Taylor,FL,"520 Main St, FL"
459,Chris,Smith,MI,"667 Main St, MI"
460,Susan,Brown,PA,"484 Main St, PA"
461,Peter,Davis,PA,"926 Main St, PA"
462,John,Davis,NC,"281 Main St, NC"
463,Anna,Moore,IL,"589 Main St, IL"
464,Mike,Miller,MI,"449 Main St, MI"
465,Jane,Doe,NC,"795 Main St, NC"
466,Susan,Taylor,OH,"336 Main St, OH"
467,Emily,Jones,FL,"731 Main St, FL"
468,David,Williams,FL,"357 Main St, FL"
469,Susan,Taylor,CA,"343 Main St, CA"
470,Susan,Doe,TX,"244 Main St, TX"
471,Anna,Moore,CA,"868 Main St, CA"
472,John,Brown,FL,"258 Main St, FL"
473,Emily,Wilson,PA,"812 Main St, PA"
474,John,Davis,OH,"304 Main St, OH"
475,David,Jones,NY,"742 Main St, NY"
476,Susan,Wilson,CA,"979 Main St, CA"
477,Anna,Smith,MI,"955 Main St, MI"
478,Jane,Brown,GA,"415 Main St, GA"
479,Laura,Moore,IL,"229 Main St, IL"
480,Jane,Smith,NC,"144 Main St, NC"
481,Emily,Wilson,NY,"757 Main St, NY"
482,Anna,Brown,NC,"209 Main St, NC"
483,John,Williams,PA,"243 Main St, PA"
484,Susan,Williams,IL,"840 Main St, IL"
485,Emily,Smith,MI,"772 Main St, MI"
486,Mike,Williams,CA,"119 Main St, CA"
487,Mike,Williams,PA,"275 Main St, PA"
488,Peter,Jones,NY,"895 Main St, NY"
489,Laura,Moore,TX,"138 Main St, TX"
490,Jane,Smith,FL,"452 Main St, FL"
491,Mike,Wilson,GA,"906 Main St, GA"
492,Jane,Wilson,CA,"186 Main St, CA"
493,Laura,Wilson,NC,"801 Main St, NC"
494,Susan,Wilson,TX,"955 Main St, TX"
495,Emily,Wilson,GA,"497 Main St, GA"
496,John,Davis,OH,"845 Main St, OH"
497,Emily,Jones,IL,"123 Main St, IL"
498,Emily,Moore,PA,"143 Main St, PA"
499,Mike,Davis,PA,"447 Main St, PA"
500,Jane,Jones,OH,"878 Main St, OH"
